﻿<?xml version="1.0" encoding="utf-8"?>
<TargetSystemConfig Crc="2285040481" Version="1.4">
  <TargetSystemType>HSafetyPLC</TargetSystemType>
  <TargetSystemSubType>EL6900</TargetSystemSubType>
  <IsExternalDevice>false</IsExternalDevice>
  <TargetSystemObjectId>50462723</TargetSystemObjectId>
  <TargetSystemObjectName>Term 3 (EL6900)</TargetSystemObjectName>
  <SoftwareVersion>05</SoftwareVersion>
  <SerialNumber>1567800</SerialNumber>
  <ProjectCRC>31648</ProjectCRC>
  <MapProjectCRC>false</MapProjectCRC>
  <MapSerialNumber>false</MapSerialNumber>
  <VersionNumber>1</VersionNumber>
  <FSOEAddress>768</FSOEAddress>
  <DipSwitch>768</DipSwitch>
  <AmsNetID>5.54.96.204.2.1</AmsNetID>
  <AmsPort>1003</AmsPort>
  <ConnectionInfoDataConfigOld>false</ConnectionInfoDataConfigOld>
  <TakeOverSafetyAliasDeviceNamesInProcessImage>false</TakeOverSafetyAliasDeviceNamesInProcessImage>
  <TakeOverStandardAliasDeviceNamesInProcessImage>false</TakeOverStandardAliasDeviceNamesInProcessImage>
  <BackupRestore Needed="0" Activated="false" RestoreUserAdministration="false" />
</TargetSystemConfig>